{"activityLevel":180004,"activityList":[{"a":-1,"b":180.59999,"c":2196.1194,"d":1902891}],"age":41,"gender":"M","height":186.0,"stepCount":2864,"weight":113.09999}