{"activityLevel":180004,"activityList":[{"activeTime":1489770,"calorie":73.119995,"distance":1566.059,"type":1001},{"activeTime":4005466,"calorie":244.90982,"distance":4580.956,"type":-1}],"age":38,"gender":"M","height":186.0,"stepCount":8683,"weight":107.9}