{"activityLevel":180004,"activityList":[{"a":-1,"b":114.450005,"c":1371.8801,"d":1181116}],"age":41,"gender":"M","height":186.0,"stepCount":1786,"weight":113.09999}