{"activityLevel":180004,"activityList":[{"activeTime":126640,"calorie":16.605476,"distance":0.0,"type":0},{"activeTime":2357240,"calorie":173.35,"distance":2207.3398,"type":1001},{"activeTime":5883431,"calorie":515.69293,"distance":6992.5986,"type":-1}],"age":38,"gender":"M","height":186.0,"stepCount":12750,"weight":107.9}