{"activityLevel":180004,"activityList":[{"a":1001,"b":104.0,"c":649.88,"d":736690},{"a":-1,"b":307.55585,"c":4975.782,"d":4303750}],"age":42,"gender":"M","height":186.0,"stepCount":7782,"weight":113.09999}