{"activityLevel":180004,"activityList":[{"a":-1,"b":210.42006,"c":4877.15,"d":4346179}],"age":42,"gender":"M","height":186.0,"stepCount":6650,"weight":113.09999}