{"activityLevel":180004,"activityList":[{"activeTime":8871900,"calorie":1061.7922,"distance":8881.422,"type":1001},{"activeTime":762278,"calorie":72.23553,"distance":916.41785,"type":-1}],"age":41,"gender":"M","height":186.0,"stepCount":13162,"weight":107.1}