{"activityLevel":180004,"activityList":[{"a":0,"b":606.2157,"c":111.38899,"d":3216000},{"a":1001,"b":127.0,"c":642.775,"d":1085830},{"a":-1,"b":278.8369,"c":3369.655,"d":2916867}],"age":41,"gender":"M","height":186.0,"stepCount":5733,"weight":113.09999}