{"activityLevel":180004,"activityList":[{"activeTime":2595420,"calorie":201.98999,"distance":2623.234,"type":1001},{"activeTime":3116971,"calorie":250.99065,"distance":3677.1616,"type":-1}],"age":38,"gender":"M","height":186.0,"stepCount":8738,"weight":107.9}