{"activityLevel":180004,"activityList":[{"a":-1,"b":230.28299,"c":2815.6099,"d":2409216}],"age":41,"gender":"M","height":186.0,"stepCount":3674,"weight":113.09999}