{"activityLevel":180004,"activityList":[{"a":1001,"b":183.0,"c":1423.5029,"d":1393170},{"a":-1,"b":120.35694,"c":1755.5168,"d":1512907}],"age":41,"gender":"M","height":186.0,"stepCount":4214,"weight":113.09999}