{"activityLevel":180004,"activityList":[{"a":1002,"b":753.556,"c":2211.537,"d":3569768},{"a":-1,"b":74.444496,"c":1546.3141,"d":1285065}],"age":41,"gender":"M","height":186.0,"stepCount":5007,"weight":113.09999}