{"activityLevel":180004,"activityList":[{"a":0,"b":287.38184,"c":118.56631,"d":8083001},{"a":-1,"b":207.78795,"c":2550.284,"d":2186883}],"age":41,"gender":"M","height":186.0,"stepCount":3362,"weight":113.1}