{"activityLevel":180004,"activityList":[{"activeTime":4345130,"calorie":367.08002,"distance":4008.251,"type":1001},{"activeTime":10577882,"calorie":785.80725,"distance":13407.637,"type":-1}],"age":38,"gender":"M","height":186.0,"stepCount":23582,"weight":107.9}