{"activityLevel":180004,"activityList":[{"a":-1,"b":240.47804,"c":4271.5654,"d":3739969}],"age":41,"gender":"M","height":186.0,"stepCount":5681,"weight":113.09999}