{"activityLevel":180004,"activityList":[{"a":-1,"b":408.46783,"c":6891.5967,"d":5989369}],"age":41,"gender":"M","height":186.0,"stepCount":9121,"weight":113.09999}