{"activityLevel":180004,"activityList":[{"a":-1,"b":158.34004,"c":1939.9401,"d":1688678}],"age":41,"gender":"M","height":186.0,"stepCount":2539,"weight":113.09999}