{"activityLevel":180004,"activityList":[{"a":-1,"b":226.53998,"c":2787.5986,"d":2422544}],"age":41,"gender":"M","height":186.0,"stepCount":3632,"weight":113.09999}