{"activityLevel":180004,"activityList":[{"a":-1,"b":117.08099,"c":1780.429,"d":1449061}],"age":41,"gender":"M","height":186.0,"stepCount":2355,"weight":113.09999}