{"activityLevel":180004,"activityList":[{"a":1002,"b":163.18,"c":403.115,"d":921560},{"a":1001,"b":172.0,"c":2125.554,"d":2168930},{"a":-1,"b":248.24057,"c":5274.4624,"d":4572203}],"age":41,"gender":"M","height":186.0,"stepCount":10503,"weight":113.09999}