{"activityLevel":180004,"activityList":[{"activeTime":1948030,"calorie":165.95999,"distance":2138.636,"type":1001},{"activeTime":7051964,"calorie":529.53986,"distance":8594.362,"type":-1}],"age":38,"gender":"M","height":186.0,"stepCount":14390,"weight":107.9}