{"activityLevel":180004,"activityList":[{"a":1002,"b":180.39163,"c":1581.604,"d":1968069},{"a":1001,"b":58.0,"c":604.87,"d":737890},{"a":-1,"b":114.78944,"c":2276.31,"d":1954667}],"age":41,"gender":"M","height":186.0,"stepCount":4433,"weight":113.09999}