{"activityLevel":180004,"activityList":[{"a":-1,"b":201.25996,"c":2373.2815,"d":2004347}],"age":41,"gender":"M","height":186.0,"stepCount":3123,"weight":113.09999}