{"activityLevel":180004,"activityList":[{"a":1001,"b":88.0,"c":725.386,"d":653630},{"a":-1,"b":108.42822,"c":1720.0999,"d":1473087}],"age":41,"gender":"M","height":186.0,"stepCount":3206,"weight":113.09999}