{"activityLevel":180004,"activityList":[{"a":1001,"b":208.0,"c":2742.791,"d":2600570},{"a":-1,"b":96.14007,"c":2022.0674,"d":1816140}],"age":42,"gender":"M","height":186.0,"stepCount":6512,"weight":113.09999}