{"activityLevel":180004,"activityList":[{"a":-1,"b":103.729004,"c":1611.5797,"d":1403900}],"age":41,"gender":"M","height":186.0,"stepCount":2108,"weight":113.09999}