{"activityLevel":180004,"activityList":[{"a":1001,"b":122.0,"c":928.427,"d":915840},{"a":-1,"b":211.61533,"c":3137.2214,"d":2656718}],"age":41,"gender":"M","height":186.0,"stepCount":5339,"weight":113.09999}