{"activityLevel":180004,"activityList":[{"a":-1,"b":189.35995,"c":2349.875,"d":1905379}],"age":41,"gender":"M","height":186.0,"stepCount":3034,"weight":113.09999}