{"activityLevel":180004,"activityList":[{"activeTime":2984083,"calorie":418.68097,"distance":2711.951,"type":1001},{"activeTime":603271,"calorie":54.62,"distance":0.0,"type":0},{"activeTime":4451894,"calorie":322.70853,"distance":4967.556,"type":-1}],"age":42,"gender":"M","height":186.0,"stepCount":12052,"weight":114.8}