{"activityLevel":180004,"activityList":[{"a":1001,"b":149.0,"c":1012.069,"d":1122440},{"a":-1,"b":247.98167,"c":3564.5334,"d":3107116}],"age":41,"gender":"M","height":186.0,"stepCount":6183,"weight":113.09999}