{"activityLevel":180004,"activityList":[{"activeTime":3677280,"calorie":312.71173,"distance":3879.5151,"type":1001},{"activeTime":4070991,"calorie":406.79218,"distance":4968.437,"type":-1}],"age":37,"gender":"M","height":186.0,"stepCount":12519,"weight":108.9}