{"activityLevel":180004,"activityList":[{"a":1001,"b":123.0,"c":1755.481,"d":1552400},{"a":-1,"b":139.15211,"c":2875.309,"d":2240706}],"age":41,"gender":"M","height":186.0,"stepCount":5601,"weight":113.09999}