{"activityLevel":180004,"activityList":[{"activeTime":1006360,"calorie":95.0,"distance":1183.634,"type":1001},{"activeTime":534957,"calorie":170.77171,"distance":0.0,"type":11007},{"activeTime":3656154,"calorie":368.05154,"distance":4519.421,"type":-1}],"age":40,"gender":"M","height":186.0,"stepCount":8233,"weight":107.9}