{"activityLevel":180004,"activityList":[{"a":-1,"b":35.589996,"c":450.00006,"d":395531}],"age":41,"gender":"M","height":186.0,"stepCount":593,"weight":107.1}