{"activityLevel":180004,"activityList":[{"activeTime":233060,"calorie":18.291847,"distance":235.5235,"type":1001},{"activeTime":1794530,"calorie":130.87048,"distance":2028.4025,"type":-1}],"age":38,"gender":"M","height":186.0,"stepCount":2982,"weight":107.9}