{"activityLevel":180004,"activityList":[{"a":0,"b":1132.1305,"c":159.22034,"d":6006000},{"a":-1,"b":235.47896,"c":2868.4204,"d":2447620}],"age":41,"gender":"M","height":186.0,"stepCount":3991,"weight":113.10008}