{"activityLevel":180004,"activityList":[{"a":0,"b":1074.6381,"c":129.07022,"d":5701001},{"a":-1,"b":182.00894,"c":2260.7656,"d":1883368}],"age":41,"gender":"M","height":186.0,"stepCount":3078,"weight":113.09999}