{"activityLevel":180004,"activityList":[{"a":-1,"b":494.85995,"c":6149.031,"d":5159815}],"age":41,"gender":"M","height":186.0,"stepCount":8023,"weight":113.09999}