{"activityLevel":180004,"activityList":[{"activeTime":6360910,"calorie":456.45996,"distance":5755.263,"type":1001},{"activeTime":5564702,"calorie":427.12354,"distance":6743.759,"type":-1}],"age":38,"gender":"M","height":186.0,"stepCount":17770,"weight":107.9}