{"activityLevel":180004,"activityList":[{"a":1001,"b":43.71,"c":1037.57,"d":779737},{"a":-1,"b":169.18002,"c":3830.0498,"d":3083457}],"age":41,"gender":"M","height":186.0,"stepCount":6420,"weight":113.09999}