{"activityLevel":180004,"activityList":[{"a":1002,"b":215.641,"c":436.195,"d":1427960},{"a":-1,"b":72.42403,"c":1538.632,"d":1432270}],"age":42,"gender":"M","height":186.0,"stepCount":2767,"weight":113.09999}