{"activityLevel":180004,"activityList":[{"a":-1,"b":187.32991,"c":2752.14,"d":2306216}],"age":41,"gender":"M","height":186.0,"stepCount":3635,"weight":113.09999}