{"activityLevel":180004,"activityList":[{"activeTime":922800,"calorie":91.140656,"distance":1178.1399,"type":1001},{"activeTime":6124863,"calorie":610.10187,"distance":7700.748,"type":-1}],"age":37,"gender":"M","height":186.0,"stepCount":11409,"weight":107.9}