{"activityLevel":180004,"activityList":[{"a":-1,"b":78.94001,"c":1590.1589,"d":1418709}],"age":41,"gender":"M","height":186.0,"stepCount":2127,"weight":113.09999}