{"activityLevel":180004,"activityList":[{"activeTime":2389910,"calorie":107.0,"distance":2094.75,"type":1001},{"activeTime":42140,"calorie":11.557938,"distance":0.0,"type":11007},{"activeTime":5599158,"calorie":452.30292,"distance":6595.4556,"type":-1}],"age":39,"gender":"M","height":186.0,"stepCount":11806,"weight":107.9}