{"activityLevel":180004,"activityList":[{"a":-1,"b":98.32997,"c":2017.78,"d":1704342}],"age":41,"gender":"M","height":186.0,"stepCount":2751,"weight":113.09999}