{"activityLevel":180004,"activityList":[{"a":-1,"b":120.51998,"c":1482.1206,"d":1276741}],"age":41,"gender":"M","height":186.0,"stepCount":1931,"weight":113.09999}