{"activityLevel":180004,"activityList":[{"a":-1,"b":181.47005,"c":2671.824,"d":2363818}],"age":41,"gender":"M","height":186.0,"stepCount":3549,"weight":113.09999}