{"activityLevel":180004,"activityList":[{"a":-1,"b":114.96999,"c":1724.2258,"d":1493959}],"age":41,"gender":"M","height":186.0,"stepCount":2291,"weight":113.09999}