{"activityLevel":180004,"activityList":[{"activeTime":5361790,"calorie":412.18002,"distance":5238.0723,"type":1001},{"activeTime":10309971,"calorie":786.84314,"distance":12818.5625,"type":-1}],"age":38,"gender":"M","height":186.0,"stepCount":24631,"weight":107.9}