{"activityLevel":180004,"activityList":[{"a":1001,"b":87.0,"c":686.234,"d":643340},{"a":-1,"b":190.30789,"c":3088.383,"d":2617525}],"age":41,"gender":"M","height":186.0,"stepCount":5010,"weight":113.09999}