{"activityLevel":180004,"activityList":[{"activeTime":4314340,"calorie":314.91998,"distance":3990.497,"type":1001},{"activeTime":2075675,"calorie":181.82544,"distance":2518.0486,"type":-1}],"age":38,"gender":"M","height":186.0,"stepCount":9072,"weight":107.9}