{"activityLevel":180004,"activityList":[{"a":1001,"b":477.0,"c":3271.851,"d":3691280},{"a":-1,"b":220.13054,"c":3598.6433,"d":2982816}],"age":41,"gender":"M","height":186.0,"stepCount":9109,"weight":113.09999}