{"activityLevel":180004,"activityList":[{"a":1002,"b":0.21076868,"c":0.0,"d":11470},{"a":-1,"b":91.03001,"c":1922.694,"d":1733233}],"age":42,"gender":"M","height":186.0,"stepCount":2744,"weight":113.09999}