{"activityLevel":180004,"activityList":[{"activeTime":711060,"calorie":64.18755,"distance":835.4762,"type":1001},{"activeTime":4047010,"calorie":328.53845,"distance":4895.156,"type":-1}],"age":39,"gender":"M","height":186.0,"stepCount":7368,"weight":107.9}