{"activityLevel":180004,"activityList":[{"a":1001,"b":112.0,"c":593.772,"d":967440},{"a":-1,"b":181.73056,"c":3083.9253,"d":2548194}],"age":41,"gender":"M","height":186.0,"stepCount":4938,"weight":113.09999}