{"activityLevel":180004,"activityList":[{"a":-1,"b":199.72897,"c":3068.44,"d":2664515}],"age":41,"gender":"M","height":186.0,"stepCount":4029,"weight":113.09999}