{"activityLevel":180004,"activityList":[{"a":1001,"b":201.0,"c":2137.56,"d":2481830},{"a":-1,"b":331.83798,"c":7254.254,"d":6521093}],"age":41,"gender":"M","height":186.0,"stepCount":13230,"weight":113.09999}