{"activityLevel":180004,"activityList":[{"a":-1,"b":19.699999,"c":249.09999,"d":218776}],"age":41,"gender":"M","height":186.0,"stepCount":328,"weight":107.1}