{"activityLevel":180004,"activityList":[{"a":0,"b":164.5,"c":379.1808,"d":5768000},{"a":1001,"b":361.47855,"c":2408.8936,"d":3472484},{"a":-1,"b":276.72226,"c":3448.1335,"d":2883224}],"age":41,"gender":"M","height":186.0,"stepCount":5492,"weight":112.20006}