{"activityLevel":180004,"activityList":[{"activeTime":1686440,"calorie":125.77684,"distance":1719.5737,"type":1001},{"activeTime":603018,"calorie":43.98754,"distance":705.09094,"type":-1}],"age":39,"gender":"M","height":186.0,"stepCount":3172,"weight":107.9}