{"activityLevel":180004,"activityList":[{"activeTime":1361830,"calorie":110.82872,"distance":1416.2124,"type":1001},{"activeTime":4479240,"calorie":354.59744,"distance":5501.275,"type":-1}],"age":38,"gender":"M","height":186.0,"stepCount":9228,"weight":107.9}