{"activityLevel":180004,"activityList":[{"a":0,"b":114.22618,"c":115.25189,"d":4799000},{"a":1001,"b":231.0,"c":1809.864,"d":1639300},{"a":-1,"b":345.0847,"c":4319.5063,"d":3604331}],"age":41,"gender":"M","height":186.0,"stepCount":8121,"weight":112.20015}