{"activityLevel":180004,"activityList":[{"a":0,"b":523.6001,"c":0.0,"d":4800000},{"a":1001,"b":27.894272,"c":155.31084,"d":235529},{"a":-1,"b":174.57396,"c":2150.2524,"d":1811362}],"age":41,"gender":"M","height":186.0,"stepCount":2864,"weight":112.20006}