{"activityLevel":180004,"activityList":[{"a":-1,"b":158.60999,"c":3641.4597,"d":3021857}],"age":41,"gender":"M","height":186.0,"stepCount":4887,"weight":113.09999}