{"activityLevel":180004,"activityList":[{"activeTime":2653520,"calorie":221.55887,"distance":2829.5078,"type":1001},{"activeTime":2216934,"calorie":180.91196,"distance":2785.2517,"type":-1}],"age":38,"gender":"M","height":186.0,"stepCount":8029,"weight":107.9}