{"activityLevel":180004,"activityList":[{"activeTime":308160,"calorie":20.901747,"distance":313.64136,"type":1001},{"activeTime":5496853,"calorie":521.1018,"distance":6683.952,"type":-1}],"age":39,"gender":"M","height":186.0,"stepCount":9099,"weight":107.9}