{"activityLevel":180004,"activityList":[{"a":1001,"b":625.0,"c":7949.6274,"d":7915170},{"a":1002,"b":530.801,"c":1731.532,"d":2030410},{"a":-1,"b":333.40875,"c":6996.6206,"d":6181308}],"age":41,"gender":"M","height":186.0,"stepCount":22589,"weight":113.09999}