{"activityLevel":180004,"activityList":[{"activeTime":1818760,"calorie":171.29001,"distance":2110.564,"type":1001},{"activeTime":4054074,"calorie":344.22498,"distance":5041.4297,"type":-1}],"age":38,"gender":"M","height":186.0,"stepCount":9643,"weight":107.9}