{"activityLevel":180004,"activityList":[{"activeTime":1685780,"calorie":116.14113,"distance":1441.0138,"type":1001},{"activeTime":5563974,"calorie":406.33365,"distance":6833.731,"type":-1}],"age":38,"gender":"M","height":186.0,"stepCount":10800,"weight":107.9}