{"activityLevel":180004,"activityList":[{"activeTime":4026230,"calorie":257.15112,"distance":3248.2292,"type":1001},{"activeTime":5273883,"calorie":418.90158,"distance":6336.5693,"type":-1}],"age":38,"gender":"M","height":186.0,"stepCount":13124,"weight":107.9}