{"activityLevel":180004,"activityList":[{"activeTime":1161440,"calorie":181.50172,"distance":1154.9883,"type":1001},{"activeTime":5446221,"calorie":367.32578,"distance":6497.02,"type":-1}],"age":43,"gender":"M","height":186.0,"stepCount":10261,"weight":118.5}