{"activityLevel":180004,"activityList":[{"a":-1,"b":218.10997,"c":5208.2607,"d":4648283}],"age":42,"gender":"M","height":186.0,"stepCount":7123,"weight":113.09999}