{"activityLevel":180004,"activityList":[{"a":-1,"b":58.120003,"c":1381.6199,"d":1192609}],"age":41,"gender":"M","height":186.0,"stepCount":1853,"weight":113.09999}