{"activityLevel":180004,"activityList":[{"activeTime":2092860,"calorie":173.91919,"distance":2298.582,"type":1001},{"activeTime":3953227,"calorie":424.00327,"distance":5032.4575,"type":-1}],"age":38,"gender":"M","height":186.0,"stepCount":10114,"weight":107.9}