{"activityLevel":180004,"activityList":[{"a":1002,"b":574.197,"c":47961.41,"d":5039059},{"a":1001,"b":167.0,"c":1846.8191,"d":2099460},{"a":-1,"b":192.48671,"c":4049.034,"d":3292818}],"age":41,"gender":"M","height":186.0,"stepCount":9828,"weight":113.09999}