{"activityLevel":180004,"activityList":[{"a":1001,"b":218.0,"c":1516.7,"d":1682030},{"a":-1,"b":113.69934,"c":1688.4963,"d":1479095}],"age":41,"gender":"M","height":186.0,"stepCount":4238,"weight":113.09999}