{"activityLevel":180004,"activityList":[{"activeTime":757020,"calorie":66.3259,"distance":870.89764,"type":1001},{"activeTime":4756148,"calorie":490.88815,"distance":6339.6035,"type":-1}],"age":37,"gender":"M","height":186.0,"stepCount":9156,"weight":107.9}