{"activityLevel":180004,"activityList":[{"a":1002,"b":186.535,"c":48.07,"d":167149},{"a":-1,"b":115.080986,"c":2343.8286,"d":1881349}],"age":41,"gender":"M","height":186.0,"stepCount":3007,"weight":113.09999}