{"activityLevel":180004,"activityList":[{"activeTime":2081115,"calorie":119.0,"distance":1866.55,"type":1001},{"activeTime":54668,"calorie":13.42099,"distance":0.0,"type":11007},{"activeTime":1828650,"calorie":160.23247,"distance":2366.5317,"type":-1}],"age":39,"gender":"M","height":186.0,"stepCount":5628,"weight":107.9}