{"activityLevel":180004,"activityList":[{"a":-1,"b":152.22995,"c":1841.1394,"d":1612939}],"age":41,"gender":"M","height":186.0,"stepCount":2419,"weight":113.09999}