{"activityLevel":180004,"activityList":[{"a":1001,"b":243.0,"c":1842.306,"d":1702480},{"a":-1,"b":139.63081,"c":2297.1697,"d":2049307}],"age":41,"gender":"M","height":186.0,"stepCount":5517,"weight":113.09999}