{"activityLevel":180004,"activityList":[{"a":1002,"b":315.084,"c":366.264,"d":558270},{"a":-1,"b":134.35606,"c":2662.4346,"d":2548709}],"age":42,"gender":"M","height":186.0,"stepCount":4343,"weight":113.09999}