{"activityLevel":180004,"activityList":[{"a":-1,"b":41.041718,"c":477.87878,"d":444215}],"age":42,"gender":"M","height":186.0,"stepCount":680,"weight":114.8}