{"activityLevel":180004,"activityList":[{"activeTime":2464940,"calorie":303.65,"distance":0.0,"type":0},{"activeTime":3179180,"calorie":294.47223,"distance":3105.7046,"type":1001},{"activeTime":5549837,"calorie":437.76154,"distance":6338.592,"type":-1}],"age":38,"gender":"M","height":186.0,"stepCount":16482,"weight":107.9}