{"activityLevel":180004,"activityList":[{"activeTime":52420,"calorie":3.9982643,"distance":49.640015,"type":1001},{"activeTime":5125116,"calorie":516.5607,"distance":6357.9385,"type":-1}],"age":37,"gender":"M","height":186.0,"stepCount":8224,"weight":108.9}