{"activityLevel":180004,"activityList":[{"a":-1,"b":51.850002,"c":682.6601,"d":596298}],"age":41,"gender":"M","height":186.0,"stepCount":894,"weight":113.09999}