{"activityLevel":180004,"activityList":[{"activeTime":1540140,"calorie":124.590004,"distance":1636.4819,"type":1001},{"activeTime":5979301,"calorie":449.31067,"distance":7233.079,"type":-1}],"age":38,"gender":"M","height":186.0,"stepCount":12089,"weight":107.9}