{"activityLevel":180004,"activityList":[{"a":-1,"b":428.50986,"c":5408.889,"d":4222094}],"age":41,"gender":"M","height":186.0,"stepCount":7039,"weight":113.09999}