{"activityLevel":180004,"activityList":[{"a":1001,"b":441.0,"c":3345.7002,"d":3411100},{"a":-1,"b":269.43503,"c":3358.8103,"d":2856964}],"age":41,"gender":"M","height":186.0,"stepCount":9016,"weight":113.09999}