{"activityLevel":180004,"activityList":[{"activeTime":840000,"calorie":80.090004,"distance":992.3,"type":1001},{"activeTime":1629447,"calorie":168.73003,"distance":1947.0996,"type":-1}],"age":42,"gender":"M","height":186.0,"stepCount":3821,"weight":116.9}