{"activityLevel":180004,"activityList":[{"a":1001,"b":116.0,"c":683.9,"d":860820},{"a":-1,"b":216.70564,"c":3513.817,"d":2978348}],"age":41,"gender":"M","height":186.0,"stepCount":5640,"weight":113.09999}