{"activityLevel":180004,"activityList":[{"a":-1,"b":84.89999,"c":1306.9941,"d":1103765}],"age":41,"gender":"M","height":186.0,"stepCount":1715,"weight":113.09999}