{"activityLevel":180004,"activityList":[{"a":1001,"b":117.0,"c":867.755,"d":891510},{"a":-1,"b":235.77766,"c":3964.3386,"d":3487784}],"age":41,"gender":"M","height":186.0,"stepCount":6386,"weight":113.09999}