{"activityLevel":180004,"activityList":[{"a":-1,"b":87.689995,"c":2060.2703,"d":1830795}],"age":41,"gender":"M","height":186.0,"stepCount":2784,"weight":113.09999}