{"activityLevel":180004,"activityList":[{"activeTime":1091340,"calorie":87.69019,"distance":971.19495,"type":1001},{"activeTime":3959350,"calorie":402.0,"distance":0.0,"type":0},{"activeTime":4037119,"calorie":383.99234,"distance":4785.6914,"type":-1}],"age":40,"gender":"M","height":186.0,"stepCount":12880,"weight":107.9}