{"activityLevel":180004,"activityList":[{"a":1001,"b":123.0,"c":893.196,"d":764960},{"a":-1,"b":271.39417,"c":3252.1968,"d":2733913}],"age":41,"gender":"M","height":186.0,"stepCount":5530,"weight":113.09999}