{"activityLevel":180004,"activityList":[{"activeTime":596480,"calorie":44.440178,"distance":538.03864,"type":1001},{"activeTime":5550820,"calorie":440.03226,"distance":7053.034,"type":-1}],"age":38,"gender":"M","height":186.0,"stepCount":9961,"weight":107.9}