{"activityLevel":180004,"activityList":[{"activeTime":788120,"calorie":57.223167,"distance":859.8272,"type":1001},{"activeTime":1438757,"calorie":117.93161,"distance":1775.939,"type":-1}],"age":39,"gender":"M","height":186.0,"stepCount":3436,"weight":107.9}