{"activityLevel":180004,"activityList":[{"activeTime":112219,"calorie":19.498276,"distance":115.9718,"type":1001},{"activeTime":12008684,"calorie":700.58044,"distance":14621.006,"type":-1}],"age":43,"gender":"M","height":186.0,"stepCount":19789,"weight":118.5}