{"activityLevel":180004,"activityList":[{"a":-1,"b":47.479984,"c":580.8599,"d":507587}],"age":41,"gender":"M","height":186.0,"stepCount":761,"weight":113.09999}