{"activityLevel":180004,"activityList":[{"a":-1,"b":160.25905,"c":2896.7505,"d":2438889}],"age":41,"gender":"M","height":186.0,"stepCount":3872,"weight":113.09999}