{"activityLevel":180004,"activityList":[{"a":-1,"b":248.65901,"c":4186.646,"d":3499329}],"age":41,"gender":"M","height":186.0,"stepCount":5532,"weight":113.09999}