{"activityLevel":180004,"activityList":[{"a":1001,"b":86.0,"c":545.342,"d":676400},{"a":-1,"b":200.07967,"c":3628.0598,"d":2916933}],"age":41,"gender":"M","height":186.0,"stepCount":5522,"weight":113.09999}