{"activityLevel":180004,"activityList":[{"a":1001,"b":254.0,"c":2889.9907,"d":3162340},{"a":-1,"b":69.339294,"c":1405.0428,"d":1321143}],"age":42,"gender":"M","height":186.0,"stepCount":6023,"weight":113.09999}