{"activityLevel":180004,"activityList":[{"a":1002,"b":10.933,"c":0.0,"d":141580},{"a":0,"b":203.0,"c":0.0,"d":1366470},{"a":-1,"b":183.79083,"c":3885.827,"d":3596414}],"age":42,"gender":"M","height":186.0,"stepCount":7374,"weight":113.09999}