{"activityLevel":180004,"activityList":[{"a":0,"b":1038.0691,"c":168.40227,"d":5507000},{"a":-1,"b":325.1358,"c":3863.8625,"d":3273766}],"age":41,"gender":"M","height":186.0,"stepCount":5088,"weight":113.09999}