{"activityLevel":180004,"activityList":[{"a":-1,"b":27.929998,"c":540.91,"d":479573}],"age":41,"gender":"M","height":186.0,"stepCount":719,"weight":113.09999}