{"activityLevel":180004,"activityList":[{"a":1001,"b":215.0,"c":1613.054,"d":1680060},{"a":-1,"b":106.19578,"c":1617.815,"d":1420132}],"age":41,"gender":"M","height":186.0,"stepCount":4235,"weight":113.09999}