{"activityLevel":180004,"activityList":[{"a":0,"b":845.6106,"c":226.74097,"d":4486000},{"a":-1,"b":213.06996,"c":2607.8503,"d":2132202}],"age":41,"gender":"M","height":186.0,"stepCount":3408,"weight":113.09999}