{"activityLevel":180004,"activityList":[{"activeTime":1549120,"calorie":492.21002,"distance":0.0,"type":11007},{"activeTime":4393051,"calorie":424.64276,"distance":5429.607,"type":-1}],"age":40,"gender":"M","height":186.0,"stepCount":7810,"weight":107.9}