{"activityLevel":180004,"activityList":[{"activeTime":7814160,"calorie":678.30005,"distance":8620.018,"type":1001},{"activeTime":4774358,"calorie":401.88333,"distance":5725.261,"type":-1}],"age":38,"gender":"M","height":186.0,"stepCount":19508,"weight":107.9}