{"activityLevel":180004,"activityList":[{"activeTime":1112740,"calorie":111.897766,"distance":1235.6775,"type":1001},{"activeTime":2991863,"calorie":236.27866,"distance":3395.995,"type":-1}],"age":38,"gender":"M","height":186.0,"stepCount":6521,"weight":107.9}