{"activityLevel":180004,"activityList":[{"a":-1,"b":146.31001,"c":3109.439,"d":2421547}],"age":41,"gender":"M","height":186.0,"stepCount":3793,"weight":113.09999}