{"activityLevel":180004,"activityList":[{"a":1001,"b":138.0,"c":1037.519,"d":1040570},{"a":-1,"b":86.596565,"c":1535.9425,"d":1310223}],"age":41,"gender":"M","height":186.0,"stepCount":3381,"weight":113.09999}