{"activityLevel":180004,"activityList":[{"activeTime":3600540,"calorie":291.69016,"distance":3453.693,"type":1001},{"activeTime":3808430,"calorie":323.10712,"distance":4395.29,"type":-1}],"age":38,"gender":"M","height":186.0,"stepCount":10994,"weight":107.9}