{"activityLevel":180004,"activityList":[{"activeTime":2982010,"calorie":228.40001,"distance":2992.83,"type":1001},{"activeTime":3157949,"calorie":255.43292,"distance":3554.1055,"type":-1}],"age":38,"gender":"M","height":186.0,"stepCount":9046,"weight":107.9}