{"activityLevel":180004,"activityList":[{"a":1001,"b":214.0,"c":1768.6279,"d":1628330},{"a":0,"b":6.0960846,"c":3.505745,"d":255000},{"a":-1,"b":309.3713,"c":3904.2158,"d":3173735}],"age":41,"gender":"M","height":186.0,"stepCount":7479,"weight":112.20015}