{"activityLevel":180004,"activityList":[{"a":1001,"b":56.0,"c":584.399,"d":717380},{"a":-1,"b":116.89671,"c":2544.8943,"d":2215805}],"age":42,"gender":"M","height":186.0,"stepCount":4379,"weight":113.09999}