{"activityLevel":180004,"activityList":[{"a":1002,"b":191.196,"c":113.896,"d":709760},{"a":-1,"b":27.830002,"c":586.68884,"d":555744}],"age":42,"gender":"M","height":186.0,"stepCount":1129,"weight":113.09999}