{"activityLevel":180004,"activityList":[{"a":0,"b":40.37913,"c":115.958954,"d":1562000},{"a":-1,"b":386.25998,"c":4754.6494,"d":4098602}],"age":41,"gender":"M","height":186.0,"stepCount":6312,"weight":112.20015}