{"activityLevel":180004,"activityList":[{"a":-1,"b":26.599997,"c":608.76996,"d":552276}],"age":41,"gender":"M","height":186.0,"stepCount":828,"weight":113.09999}