{"activityLevel":180004,"activityList":[{"a":-1,"b":26.380001,"c":551.5621,"d":522261}],"age":42,"gender":"M","height":186.0,"stepCount":783,"weight":113.09999}