{"activityLevel":180004,"activityList":[{"activeTime":1249240,"calorie":104.32861,"distance":1311.4176,"type":1001},{"activeTime":6771342,"calorie":640.64374,"distance":8169.905,"type":-1}],"age":40,"gender":"M","height":186.0,"stepCount":12404,"weight":107.9}