{"activityLevel":180004,"activityList":[{"a":-1,"b":176.88997,"c":3106.4993,"d":2661697}],"age":41,"gender":"M","height":186.0,"stepCount":4125,"weight":113.09999}