{"activityLevel":180004,"activityList":[{"activeTime":6031810,"calorie":494.99002,"distance":6121.7056,"type":1001},{"activeTime":6756312,"calorie":681.15936,"distance":7884.0176,"type":-1}],"age":38,"gender":"M","height":186.0,"stepCount":19506,"weight":107.9}