{"activityLevel":180004,"activityList":[{"a":-1,"b":191.97607,"c":2369.4236,"d":2058095}],"age":41,"gender":"M","height":186.0,"stepCount":3086,"weight":113.09999}