{"activityLevel":180004,"activityList":[{"a":1001,"b":247.0,"c":1637.339,"d":1889100},{"a":-1,"b":109.05445,"c":1771.5186,"d":1558224}],"age":41,"gender":"M","height":186.0,"stepCount":4533,"weight":113.09999}