{"activityLevel":180004,"activityList":[{"a":11007,"b":195.70999,"c":0.0,"d":1228640},{"a":-1,"b":359.0533,"c":5835.289,"d":5002291}],"age":41,"gender":"M","height":186.0,"stepCount":9629,"weight":113.09999}