{"activityLevel":180004,"activityList":[{"a":1001,"b":80.0,"c":856.182,"d":1063690},{"a":1002,"b":71.0,"c":64.488,"d":105920},{"a":-1,"b":77.74093,"c":1661.1783,"d":1508726}],"age":42,"gender":"M","height":186.0,"stepCount":3550,"weight":113.09999}