{"activityLevel":180004,"activityList":[{"a":1001,"b":204.0,"c":1464.3469,"d":1499420},{"a":-1,"b":104.00479,"c":2182.2744,"d":1960567}],"age":41,"gender":"M","height":186.0,"stepCount":4972,"weight":113.09999}