{"activityLevel":180004,"activityList":[{"a":-1,"b":31.549995,"c":730.53,"d":653393}],"age":41,"gender":"M","height":186.0,"stepCount":980,"weight":113.09999}