{"activityLevel":180004,"activityList":[{"a":-1,"b":72.409996,"c":879.22986,"d":763448}],"age":41,"gender":"M","height":186.0,"stepCount":1145,"weight":113.09999}