{"activityLevel":180004,"activityList":[{"a":-1,"b":166.40996,"c":2026.0599,"d":1726402}],"age":41,"gender":"M","height":186.0,"stepCount":2633,"weight":113.09999}