{"activityLevel":180004,"activityList":[{"activeTime":1425040,"calorie":98.240005,"distance":1328.015,"type":1001},{"activeTime":4078369,"calorie":303.46475,"distance":5302.8633,"type":-1}],"age":38,"gender":"M","height":186.0,"stepCount":8727,"weight":107.9}