{"activityLevel":180004,"activityList":[{"a":0,"b":87.18701,"c":132.2215,"d":3663000},{"a":-1,"b":211.73994,"c":2564.5103,"d":2191492}],"age":41,"gender":"M","height":186.0,"stepCount":3387,"weight":112.20015}