{"activityLevel":180004,"activityList":[{"activeTime":5403752,"calorie":711.31903,"distance":5022.209,"type":1001},{"activeTime":3170981,"calorie":224.30711,"distance":3438.7437,"type":-1}],"age":42,"gender":"M","height":186.0,"stepCount":12864,"weight":114.8}