{"activityLevel":180004,"activityList":[{"activeTime":743660,"calorie":61.149822,"distance":741.69135,"type":1001},{"activeTime":2419954,"calorie":191.99425,"distance":3167.0005,"type":-1}],"age":38,"gender":"M","height":186.0,"stepCount":5101,"weight":107.9}