{"activityLevel":180004,"activityList":[{"a":-1,"b":238.86896,"c":2913.4514,"d":2438652}],"age":41,"gender":"M","height":186.0,"stepCount":3812,"weight":113.09999}