{"activityLevel":180004,"activityList":[{"a":-1,"b":53.289997,"c":1262.6401,"d":1050403}],"age":41,"gender":"M","height":186.0,"stepCount":1655,"weight":113.09999}