{"activityLevel":180004,"activityList":[{"activeTime":963340,"calorie":69.65166,"distance":1022.3767,"type":1001},{"activeTime":2766896,"calorie":212.78468,"distance":3344.2065,"type":-1}],"age":39,"gender":"M","height":186.0,"stepCount":5752,"weight":107.9}