{"activityLevel":180004,"activityList":[{"a":-1,"b":134.91997,"c":1556.6691,"d":1324512}],"age":41,"gender":"M","height":186.0,"stepCount":2067,"weight":113.09999}