{"activityLevel":180004,"activityList":[{"activeTime":1025260,"calorie":71.59271,"distance":1023.10913,"type":1001},{"activeTime":2739853,"calorie":231.81071,"distance":3382.2896,"type":-1}],"age":39,"gender":"M","height":186.0,"stepCount":5690,"weight":107.9}