{"activityLevel":180004,"activityList":[{"activeTime":1732301,"calorie":119.98815,"distance":1543.4614,"type":1001},{"activeTime":4901003,"calorie":386.61334,"distance":5934.0796,"type":-1}],"age":38,"gender":"M","height":186.0,"stepCount":10186,"weight":107.9}