{"activityLevel":180004,"activityList":[{"a":-1,"b":160.50998,"c":1955.5371,"d":1697913}],"age":41,"gender":"M","height":186.0,"stepCount":2550,"weight":113.09999}