{"activityLevel":180004,"activityList":[{"a":-1,"b":167.33005,"c":3842.7805,"d":3191631}],"age":41,"gender":"M","height":186.0,"stepCount":5138,"weight":113.09999}