{"activityLevel":180004,"activityList":[{"a":-1,"b":254.69205,"c":3755.1553,"d":3241972}],"age":41,"gender":"M","height":186.0,"stepCount":4939,"weight":113.09999}