{"activityLevel":180004,"activityList":[{"activeTime":1160440,"calorie":104.30981,"distance":1284.508,"type":1001},{"activeTime":3025745,"calorie":282.73184,"distance":3532.9756,"type":-1}],"age":40,"gender":"M","height":186.0,"stepCount":6379,"weight":107.9}