{"activityLevel":180004,"activityList":[{"a":-1,"b":196.05998,"c":3620.8188,"d":3069901}],"age":41,"gender":"M","height":186.0,"stepCount":4798,"weight":113.09999}