{"activityLevel":180004,"activityList":[{"activeTime":2238720,"calorie":193.67139,"distance":2132.7402,"type":1001},{"activeTime":7065970,"calorie":665.57434,"distance":8392.771,"type":-1}],"age":40,"gender":"M","height":186.0,"stepCount":13817,"weight":107.9}