{"activityLevel":180004,"activityList":[{"activeTime":2865220,"calorie":214.83128,"distance":2819.2886,"type":1001},{"activeTime":5474168,"calorie":421.01328,"distance":6945.909,"type":-1}],"age":38,"gender":"M","height":186.0,"stepCount":12934,"weight":107.9}