{"activityLevel":180004,"activityList":[{"a":-1,"b":177.61891,"c":4225.185,"d":3696581}],"age":41,"gender":"M","height":186.0,"stepCount":5731,"weight":113.09999}