{"activityLevel":180004,"activityList":[{"activeTime":2780460,"calorie":251.81244,"distance":3160.3916,"type":1001},{"activeTime":2379579,"calorie":194.99051,"distance":2938.5525,"type":-1}],"age":39,"gender":"M","height":186.0,"stepCount":8180,"weight":107.9}