{"activityLevel":180004,"activityList":[{"a":1001,"b":132.0,"c":831.65,"d":1100510},{"a":-1,"b":200.48949,"c":2887.9905,"d":2612013}],"age":42,"gender":"M","height":186.0,"stepCount":5239,"weight":113.09999}