{"activityLevel":180004,"activityList":[{"a":1001,"b":90.0,"c":773.022,"d":679280},{"a":-1,"b":262.05762,"c":3524.0435,"d":3040049}],"age":41,"gender":"M","height":186.0,"stepCount":5755,"weight":113.09999}