{"activityLevel":180004,"activityList":[{"a":-1,"b":128.20998,"c":1726.966,"d":1486713}],"age":41,"gender":"M","height":186.0,"stepCount":2247,"weight":113.09999}