{"activityLevel":180004,"activityList":[{"a":-1,"b":35.47,"c":838.33997,"d":750375}],"age":41,"gender":"M","height":186.0,"stepCount":1125,"weight":113.09999}