{"activityLevel":180004,"activityList":[{"activeTime":560480,"calorie":41.774696,"distance":607.98975,"type":1001},{"activeTime":11387380,"calorie":1095.9598,"distance":13890.827,"type":-1}],"age":39,"gender":"M","height":186.0,"stepCount":18590,"weight":107.9}