{"activityLevel":180004,"activityList":[{"activeTime":1379810,"calorie":121.869995,"distance":1642.9199,"type":1001},{"activeTime":5669938,"calorie":412.59613,"distance":7390.7305,"type":-1}],"age":38,"gender":"M","height":186.0,"stepCount":11690,"weight":107.9}