{"activityLevel":180004,"activityList":[{"a":-1,"b":257.04004,"c":4634.5117,"d":3906815}],"age":41,"gender":"M","height":186.0,"stepCount":6143,"weight":113.09999}