{"activityLevel":180004,"activityList":[{"activeTime":1657940,"calorie":124.490005,"distance":1554.7529,"type":1001},{"activeTime":2814350,"calorie":292.38663,"distance":3444.1616,"type":-1}],"age":38,"gender":"M","height":186.0,"stepCount":6794,"weight":107.9}