{"activityLevel":180004,"activityList":[{"a":-1,"b":203.50996,"c":2545.78,"d":2176167}],"age":42,"gender":"M","height":186.0,"stepCount":3302,"weight":113.09999}