{"activityLevel":180004,"activityList":[{"activeTime":439753,"calorie":118.782585,"distance":0.0,"type":11007},{"activeTime":3410060,"calorie":405.0,"distance":0.0,"type":0},{"activeTime":3737938,"calorie":388.69498,"distance":4679.7944,"type":-1}],"age":40,"gender":"M","height":186.0,"stepCount":10509,"weight":107.9}