{"activityLevel":180004,"activityList":[{"a":1001,"b":310.0,"c":2112.191,"d":2494770},{"a":-1,"b":346.21597,"c":4313.758,"d":3521936}],"age":41,"gender":"M","height":186.0,"stepCount":8462,"weight":113.09999}