{"activityLevel":180004,"activityList":[{"a":-1,"b":151.92998,"c":2034.5502,"d":1731352}],"age":41,"gender":"M","height":186.0,"stepCount":2713,"weight":113.09999}