{"activityLevel":180004,"activityList":[{"a":1001,"b":93.0,"c":587.49,"d":684010},{"a":-1,"b":322.74768,"c":4005.0989,"d":3298018}],"age":41,"gender":"M","height":186.0,"stepCount":6107,"weight":113.09999}