{"activityLevel":180004,"activityList":[{"a":1002,"b":255.06,"c":80.031,"d":219879},{"a":-1,"b":14.93803,"c":313.2824,"d":295982}],"age":42,"gender":"M","height":186.0,"stepCount":549,"weight":113.09999}