{"activityLevel":180004,"activityList":[{"activeTime":809570,"calorie":127.389,"distance":0.0,"type":15006},{"activeTime":878320,"calorie":79.35794,"distance":933.18506,"type":1001},{"activeTime":8763098,"calorie":883.1474,"distance":10885.506,"type":-1}],"age":38,"gender":"M","height":186.0,"stepCount":15992,"weight":107.9}