{"activityLevel":180004,"activityList":[{"activeTime":3305060,"calorie":214.56999,"distance":2721.026,"type":1001},{"activeTime":8564763,"calorie":677.47687,"distance":10360.41,"type":-1}],"age":38,"gender":"M","height":186.0,"stepCount":17644,"weight":107.9}