{"activityLevel":180004,"activityList":[{"a":-1,"b":44.709995,"c":550.77997,"d":478906}],"age":41,"gender":"M","height":186.0,"stepCount":718,"weight":113.09999}