{"activityLevel":180004,"activityList":[{"a":1001,"b":85.0,"c":670.5,"d":604280},{"a":-1,"b":462.82867,"c":5794.083,"d":4751731}],"age":41,"gender":"M","height":186.0,"stepCount":8374,"weight":113.09999}