{"activityLevel":180004,"activityList":[{"activeTime":2664630,"calorie":187.29001,"distance":2337.143,"type":1001},{"activeTime":2067166,"calorie":172.24977,"distance":2228.3132,"type":-1}],"age":38,"gender":"M","height":186.0,"stepCount":6573,"weight":107.9}