{"activityLevel":180004,"activityList":[{"activeTime":2627290,"calorie":218.79999,"distance":2825.292,"type":1001},{"activeTime":3801455,"calorie":391.70502,"distance":4801.305,"type":-1}],"age":37,"gender":"M","height":186.0,"stepCount":10384,"weight":107.9}