{"activityLevel":180004,"activityList":[{"a":1001,"b":230.0,"c":1778.471,"d":1719500},{"a":-1,"b":186.02017,"c":2249.6882,"d":1943077}],"age":41,"gender":"M","height":186.0,"stepCount":5337,"weight":113.09999}