{"activityLevel":180004,"activityList":[{"a":-1,"b":51.000004,"c":1111.3801,"d":1033760}],"age":42,"gender":"M","height":186.0,"stepCount":1570,"weight":113.09999}