{"activityLevel":180004,"activityList":[{"a":-1,"b":194.64996,"c":4036.3801,"d":3416621}],"age":41,"gender":"M","height":186.0,"stepCount":5371,"weight":113.09999}