{"activityLevel":180004,"activityList":[{"a":-1,"b":167.93002,"c":3008.353,"d":2628866}],"age":41,"gender":"M","height":186.0,"stepCount":4013,"weight":113.09999}