{"activityLevel":180004,"activityList":[{"a":1002,"b":260.92798,"c":128.379,"d":483778},{"a":-1,"b":157.22461,"c":3467.9663,"d":2995731}],"age":42,"gender":"M","height":186.0,"stepCount":5063,"weight":113.09999}